,Possession of license,HTS,HTS adjust with INSEE population weights,EQASIM,Proportion_HTS,Proportion_EQASIM
0,False,565838.71651245,753081.8346443191,824000.0,0.2673510859298896,0.2934472934472934
1,True,1550624.41489535,2063745.454554753,1984000.0,0.7326489140701103,0.7065527065527065
