,Number of vehicles class,HTS,HTS adjust with INSEE population weights,EQASIM,Proportion_HTS,Proportion_EQASIM
0,0,494614.99989037,1252127.2928814644,612000.0,0.4445168852498195,0.4352773826458037
1,1,337575.71515998,854579.3525458743,426000.0,0.30338365288589014,0.3029871977240398
2,2,80179.11718764,202974.96228791587,88000.0,0.0720580076265979,0.06258890469416785
3,3+,38567.36297837,97634.01395102627,0.0,0.034660986964091506,0.0
